Date,Start,End,Duration (h),Activity,Notes,Manually Edited?
2025-12-02,14:57,16:16,1.3,Feature Development,,No
2025-12-03,07:28,07:47,0.5,UI/UX Design,,No
2025-12-03,09:14,12:24,3.2,Feature Development,,No
2025-12-03,14:59,16:42,1.7,Feature Development,,No
2025-12-04,07:17,07:53,0.6,Discussion & Planning,,No
2025-12-05,07:02,08:02,1.0,Development & Fixes,,No
2025-12-05,09:22,11:41,2.3,Feature Development,,No
2025-12-06,08:08,11:26,3.3,Feature Development,,No
2025-12-08,07:54,10:12,2.3,Feature Development,,No
2025-12-08,10:52,11:46,0.9,Feature Development,,No
2025-12-08,15:16,17:15,2.0,Feature Development,,No
2025-12-10,18:35,18:46,0.5,Feature Development,,No
2025-12-13,12:35,13:18,0.7,Feature Development,,No
2025-12-13,14:13,14:55,0.7,Feature Development,,No
2025-12-16,06:19,09:05,2.8,Feature Development,,No
2025-12-16,14:25,14:32,0.5,Feature Development,,No
2025-12-16,15:36,16:05,0.5,Feature Development,,No
2025-12-17,07:09,11:06,4.0,Feature Development,,No
2025-12-17,12:13,12:34,0.5,Feature Development,,No
2025-12-17,13:42,14:19,0.6,Feature Development,,No
2025-12-19,14:55,16:14,1.3,Feature Development,,No
2025-12-26,15:23,16:38,2.3,Feature Development,,Yes
2025-12-27,12:01,13:27,2.4,Feature Development,,Yes
2025-12-28,13:34,14:44,2.2,Feature Development,,Yes
2025-12-29,15:43,17:21,1.6,Feature Development,,No
2025-12-30,08:48,09:48,1.0,Development & Fixes,,No
2026-01-06,06:04,07:50,1.8,Feature Development,,No
2026-01-06,13:34,14:04,0.5,Code Refactoring,,No
2026-01-07,06:15,07:24,1.2,Feature Development,,No
2026-01-07,08:55,10:33,1.6,Code Refactoring,,No
2026-01-07,15:29,16:19,0.8,Feature Development,,No
2026-01-08,06:16,07:48,1.5,Feature Development,,No
2026-01-08,09:01,10:57,1.9,Feature Development,,No
2026-01-08,15:34,16:12,0.6,Feature Development,,No
2026-01-09,05:52,09:54,4.0,Feature Development,,No
2026-01-09,14:26,14:31,0.5,Issue Management,,No
2026-01-13,08:08,08:08,0.5,Pull Request Management,,No
